day_start,day_end,price
13-09-2024,05-11-2024,979.0
06-11-2024,06-11-2024,941.99
07-11-2024,11-11-2024,939.0
12-11-2024,14-11-2024,929.0
15-11-2024,21-11-2024,901.99
22-11-2024,26-11-2024,899.0
27-11-2024,01-12-2024,841.99
02-12-2024,02-12-2024,839.0
03-12-2024,03-12-2024,949.0
04-12-2024,05-12-2024,903.99
06-12-2024,06-12-2024,899.0
07-12-2024,12-12-2024,879.0
13-12-2024,18-12-2024,831.99
19-12-2024,19-12-2024,899.0
20-12-2024,20-12-2024,879.0
21-12-2024,22-12-2024,831.99
23-12-2024,28-12-2024,832.99
29-12-2024,02-01-2025,926.99
03-01-2025,03-01-2025,899.0
04-01-2025,16-01-2025,869.0
17-01-2025,22-01-2025,851.99
23-01-2025,05-02-2025,849.0
06-02-2025,06-02-2025,851.99
07-02-2025,26-02-2025,849.0
27-02-2025,28-02-2025,829.0
01-03-2025,13-03-2025,849.0
14-03-2025,19-03-2025,829.0
20-03-2025,20-03-2025,819.0
21-03-2025,07-04-2025,779.0
08-04-2025,28-04-2025,799.0
29-04-2025,29-04-2025,769.0
30-04-2025,30-04-2025,829.0
01-05-2025,13-05-2025,769.0
14-05-2025,16-05-2025,755.0
17-05-2025,17-05-2025,759.0
18-05-2025,21-05-2025,779.0
22-05-2025,27-05-2025,759.0
28-05-2025,04-06-2025,779.0
05-06-2025,05-06-2025,799.0
06-06-2025,18-06-2025,769.0
19-06-2025,23-06-2025,779.0
24-06-2025,30-06-2025,769.0
01-07-2025,03-07-2025,749.0
04-07-2025,07-07-2025,719.0
08-07-2025,09-07-2025,749.0
10-07-2025,11-07-2025,719.0
12-07-2025,14-07-2025,749.0
15-07-2025,16-07-2025,779.0
17-07-2025,17-07-2025,769.0
18-07-2025,18-07-2025,799.0
19-07-2025,31-07-2025,769.0
01-08-2025,08-08-2025,779.0
09-08-2025,11-08-2025,749.0
12-08-2025,12-08-2025,779.0
13-08-2025,17-08-2025,749.0
18-08-2025,21-08-2025,779.0
22-08-2025,29-08-2025,769.0
30-08-2025,01-09-2025,759.0
02-09-2025,04-09-2025,769.0
05-09-2025,08-09-2025,719.0
09-09-2025,12-09-2025,769.0
13-09-2025,13-09-2025,679.0
14-09-2025,15-09-2025,752.0
16-09-2025,17-09-2025,774.0
18-09-2025,19-09-2025,779.0
05-10-2025,17-10-2025,699.0
18-10-2025,21-10-2025,749.0
22-10-2025,23-10-2025,769.0
24-10-2025,24-10-2025,719.0
25-10-2025,31-10-2025,689.0
01-11-2025,13-11-2025,699.0
14-11-2025,17-11-2025,695.0
18-11-2025,01-12-2025,679.0
02-12-2025,18-12-2025,699.0
19-12-2025,24-12-2025,719.0
25-12-2025,26-12-2025,749.0
27-12-2025,02-01-2026,719.0
03-01-2026,12-01-2026,729.0
13-01-2026,13-01-2026,719.0
14-01-2026,28-01-2026,699.0
29-01-2026,01-02-2026,719.0
02-02-2026,04-02-2026,729.0
05-02-2026,06-02-2026,719.0
07-02-2026,12-02-2026,679.0
13-02-2026,13-02-2026,719.0
14-02-2026,16-02-2026,679.0
17-02-2026,18-02-2026,719.0
19-02-2026,19-02-2026,739.0
20-02-2026,03-03-2026,719.0
04-03-2026,04-03-2026,739.0
05-03-2026,05-03-2026,719.0
06-03-2026,08-03-2026,699.0
09-03-2026,08-04-2026,689.0
09-04-2026,14-04-2026,719.0
15-04-2026,22-04-2026,699.0
23-04-2026,22-05-2026,689.0
23-05-2026,27-05-2026,686.0
28-05-2026,17-06-2026,689.0
18-06-2026,21-06-2026,699.0
22-06-2026,22-06-2026,719.0
23-06-2026,09-07-2026,699.0
10-07-2026,12-07-2026,686.0
13-07-2026,14-07-2026,699.0
15-07-2026,16-07-2026,719.0
17-07-2026,26-07-2026,699.0
27-07-2026,28-07-2026,709.0
29-07-2026,04-08-2026,699.0
05-08-2026,06-08-2026,729.0
07-08-2026,08-08-2026,699.0
09-08-2026,16-08-2026,709.0
17-08-2026,27-08-2026,729.0
28-08-2026,03-09-2026,709.0
04-09-2026,08-09-2026,729.0
09-09-2026,09-09-2026,709.0
10-09-2026,05-10-2026,699.0
